wminus,pair,score,length,norm_score
0,Blue_vs_Pink,11503.587466152932,93,123.69448888336487
1,Blue_vs_Pink,11363.617147000978,98,115.95527701021406
2,Blue_vs_Pink,11727.38677028369,84,139.61174726528202
3,Blue_vs_Pink,12026.853536709494,103,116.7655683175679
0,Blue_vs_Turquoise,2553.802428484425,46,55.5174440974875
1,Blue_vs_Turquoise,2798.190155144845,52,53.81134913740087
2,Blue_vs_Turquoise,2582.4983436458965,47,54.94677326906163
3,Blue_vs_Turquoise,2610.529164178556,52,50.202483926510695
0,Blue_vs_White,6206.072274027465,112,55.41135958953094
1,Blue_vs_White,6406.684657280162,98,65.37433323755268
2,Blue_vs_White,6630.811099385407,110,60.2801009035037
3,Blue_vs_White,6837.95598887064,108,63.31440730435778
0,Blue_vs_Yellow,15427.886007475876,127,121.4794173816998
1,Blue_vs_Yellow,15417.871770422431,137,112.53921000308344
2,Blue_vs_Yellow,15293.74646034316,121,126.39459884581125
3,Blue_vs_Yellow,15449.848561478986,123,125.60852489007306
0,Blue_vs_Pale Blue,5365.716668998366,76,70.60153511839955
1,Blue_vs_Pale Blue,5367.676356190807,83,64.6707994721784
2,Blue_vs_Pale Blue,5348.386663858245,71,75.32938963180627
3,Blue_vs_Pale Blue,5574.507940590811,83,67.16274627217844
0,Blue_vs_Green,5304.620941664867,72,73.67529085645648
1,Blue_vs_Green,5258.514890082369,72,73.0349290289218
2,Blue_vs_Green,6266.822496739466,84,74.60502972308889
3,Blue_vs_Green,6191.985281047945,87,71.1722446097465
0,Blue_vs_Dark Pink,2020.480787992404,101,20.004760277152513
1,Blue_vs_Dark Pink,2089.3092457704292,101,20.686230156142862
2,Blue_vs_Dark Pink,2047.8171306761824,101,20.275417135407746
3,Blue_vs_Dark Pink,2049.212471772547,101,20.289232393787593
0,Blue_vs_Orange,10402.813791543396,106,98.1397527504094
1,Blue_vs_Orange,10224.753670202534,95,107.62898600213194
2,Blue_vs_Orange,10210.24448999907,98,104.18616826529663
3,Blue_vs_Orange,10131.12886336222,99,102.33463498345678
0,Blue_vs_Pale Green,2237.4353576594085,50,44.74870715318817
1,Blue_vs_Pale Green,2268.1636408336585,51,44.473796879091346
2,Blue_vs_Pale Green,2237.8656037346973,48,46.62220007780619
3,Blue_vs_Pale Green,2149.5365637615887,47,45.734820505565715
0,Pink_vs_Turquoise,4526.780069290442,86,52.63697754988886
1,Pink_vs_Turquoise,4058.8401600020343,73,55.60055013701417
2,Pink_vs_Turquoise,4568.226194593591,83,55.03886981438061
3,Pink_vs_Turquoise,4610.996486556414,85,54.24701748889899
0,Pink_vs_White,8495.618236759097,112,75.85373425677766
1,Pink_vs_White,8562.671678803377,119,71.95522419162502
2,Pink_vs_White,8950.791955881938,119,75.2167391250583
3,Pink_vs_White,8749.635047900438,109,80.27188117339851
0,Pink_vs_Yellow,24286.086237213036,126,192.74671616835744
1,Pink_vs_Yellow,24824.2343442816,141,176.05839960483405
2,Pink_vs_Yellow,24344.030731420942,126,193.2065931065154
3,Pink_vs_Yellow,24487.446848010182,120,204.06205706675152
0,Pink_vs_Pale Blue,7761.505064071838,110,70.55913694610761
1,Pink_vs_Pale Blue,7882.066676569685,111,71.009609698826
2,Pink_vs_Pale Blue,7812.505361276331,104,75.12024385842626
3,Pink_vs_Pale Blue,7826.811097574792,96,81.52928226640408
0,Pink_vs_Green,9448.348109311197,108,87.48470471584442
1,Pink_vs_Green,9306.865377331234,104,89.48909016664649
2,Pink_vs_Green,9351.874344631125,104,89.9218686983762
3,Pink_vs_Green,9468.716992252417,106,89.32751879483412
0,Pink_vs_Dark Pink,2758.869668590138,94,29.349677325427002
1,Pink_vs_Dark Pink,3047.8703949191927,108,28.22102217517771
2,Pink_vs_Dark Pink,3227.3922653778973,115,28.064280568503456
3,Pink_vs_Dark Pink,3238.5552275626437,115,28.161349804892556
0,Pink_vs_Orange,13241.226250147734,104,127.31948317449745
1,Pink_vs_Orange,13637.973639267324,119,114.60482049804475
2,Pink_vs_Orange,13390.881121471193,113,118.50337275638223
3,Pink_vs_Orange,13621.749429722748,116,117.42887439416162
0,Pink_vs_Pale Green,4269.658443207413,95,44.943773086393826
1,Pink_vs_Pale Green,4322.5604260395685,100,43.225604260395684
2,Pink_vs_Pale Green,4279.295402787448,83,51.55777593719817
3,Pink_vs_Pale Green,4577.587887973881,108,42.3850730367952
0,Turquoise_vs_White,5077.364502151898,110,46.1578591104718
1,Turquoise_vs_White,4912.919569558097,110,44.66290517780088
2,Turquoise_vs_White,5169.122711329715,125,41.35298169063772
3,Turquoise_vs_White,4845.09202923911,110,44.046291174901
0,Turquoise_vs_Yellow,5076.046698306207,89,57.034232565238284
1,Turquoise_vs_Yellow,5286.170464002067,109,48.49697673396392
2,Turquoise_vs_Yellow,5288.814870432854,108,48.970508059563464
3,Turquoise_vs_Yellow,5404.741986157404,109,49.584788863829395
0,Turquoise_vs_Pale Blue,3819.5664346126173,72,53.04953381406413
1,Turquoise_vs_Pale Blue,3609.4495048678723,74,48.77634466037665
2,Turquoise_vs_Pale Blue,3899.6958861978615,78,49.996101105100784
3,Turquoise_vs_Pale Blue,3845.0957203011912,80,48.06369650376489
0,Turquoise_vs_Green,3308.118269866356,74,44.704300944139945
1,Turquoise_vs_Green,3548.321724977561,74,47.95029358077785
2,Turquoise_vs_Green,3270.221043568778,70,46.71744347955397
3,Turquoise_vs_Green,3440.195010859421,77,44.677857283888585
0,Turquoise_vs_Dark Pink,2764.886664999079,101,27.375115495040387
1,Turquoise_vs_Dark Pink,2766.8657742177456,104,26.604478598247553
2,Turquoise_vs_Dark Pink,2743.762787291622,101,27.165968191006158
3,Turquoise_vs_Dark Pink,2698.0576438915973,101,26.713442018728685
0,Turquoise_vs_Orange,4533.546888908649,77,58.87723232348895
1,Turquoise_vs_Orange,4481.643864348284,64,70.02568538044194
2,Turquoise_vs_Orange,4716.082418674808,67,70.38928983096729
3,Turquoise_vs_Orange,5035.299256220954,82,61.406088490499435
0,Turquoise_vs_Pale Green,2657.277356348546,49,54.23015012956217
1,Turquoise_vs_Pale Green,2734.497225707354,45,60.76660501571898
2,Turquoise_vs_Pale Green,2691.577109561931,51,52.7760217561163
3,Turquoise_vs_Pale Green,2797.6612706650617,52,53.801178282020416
0,White_vs_Yellow,10797.460132450738,117,92.2859840380405
1,White_vs_Yellow,10787.627705513465,113,95.4657319071988
2,White_vs_Yellow,10588.132948557115,114,92.87835919786943
3,White_vs_Yellow,10693.72759676322,109,98.10759263085522
0,White_vs_Pale Blue,7684.343897259353,109,70.49856786476471
1,White_vs_Pale Blue,7563.507193929969,106,71.35384145216952
2,White_vs_Pale Blue,7754.107867709769,110,70.49188970645245
3,White_vs_Pale Blue,8040.133187876521,120,67.00110989897101
0,White_vs_Green,6955.4261910305095,110,63.23114719118645
1,White_vs_Green,7015.072934250153,110,63.77339031136503
2,White_vs_Green,7161.281367298965,110,65.10255788453604
3,White_vs_Green,7039.811800575252,116,60.68803276357976
0,White_vs_Dark Pink,2703.050826888373,101,26.76287947414231
1,White_vs_Dark Pink,2628.5918187301677,101,26.025661571585818
2,White_vs_Dark Pink,2726.1582428790034,101,26.99166577107924
3,White_vs_Dark Pink,2870.0896687376685,101,28.416729393442264
0,White_vs_Orange,8890.930630291248,114,77.99061956395832
1,White_vs_Orange,9143.11658381974,115,79.50536159843251
2,White_vs_Orange,9149.175349500138,111,82.42500314864989
3,White_vs_Orange,9492.505611447143,121,78.45045959873671
0,White_vs_Pale Green,4505.0045234822965,90,50.055605816469964
1,White_vs_Pale Green,4547.7524682939775,95,47.87107861362082
2,White_vs_Pale Green,4457.920711744806,107,41.662810390138375
3,White_vs_Pale Green,4282.527351813168,78,54.90419681811754
0,Yellow_vs_Pale Blue,10139.03217587894,125,81.11225740703152
1,Yellow_vs_Pale Blue,10608.541320490258,140,75.77529514635899
2,Yellow_vs_Pale Blue,10487.956712730916,126,83.23775168834061
3,Yellow_vs_Pale Blue,10521.867914063789,125,84.17494331251031
0,Yellow_vs_Green,12826.239897396508,120,106.88533247830424
1,Yellow_vs_Green,13009.668257224816,134,97.08707654645384
2,Yellow_vs_Green,12721.771561429145,123,103.4290370847898
3,Yellow_vs_Green,13503.107659729467,138,97.84860622992367
0,Yellow_vs_Dark Pink,3078.4802069386897,101,30.480002048897916
1,Yellow_vs_Dark Pink,3014.6229719156636,101,29.84775219718479
2,Yellow_vs_Dark Pink,3050.622194300967,101,30.20418014159373
3,Yellow_vs_Dark Pink,3134.4947132100506,98,31.984639930714803
0,Yellow_vs_Orange,17523.403127748745,135,129.80298613147218
1,Yellow_vs_Orange,17486.821591786596,129,135.55675652547748
2,Yellow_vs_Orange,17280.016842502602,118,146.4408206991746
3,Yellow_vs_Orange,17979.68667952117,135,133.18286429274943
0,Yellow_vs_Pale Green,5394.801803521353,104,51.87309426462839
1,Yellow_vs_Pale Green,5250.645592970451,103,50.97714167932477
2,Yellow_vs_Pale Green,5666.108940793802,105,53.9629422932743
3,Yellow_vs_Pale Green,5646.488705769745,105,53.77608291209281
0,Pale Blue_vs_Green,5421.531025700081,75,72.28708034266775
1,Pale Blue_vs_Green,5766.549692515474,85,67.84176108841734
2,Pale Blue_vs_Green,5892.107175456369,85,69.31890794654552
3,Pale Blue_vs_Green,6080.657358024704,89,68.321992786794425
0,Pale Blue_vs_Dark Pink,2579.8844360417033,119,21.67970114320759
1,Pale Blue_vs_Dark Pink,2499.831245111409,119,21.006985253037048
2,Pale Blue_vs_Dark Pink,2491.503209207504,117,21.29489922399576
3,Pale Blue_vs_Dark Pink,2620.1262793602527,112,23.393984637145113
0,Pale Blue_vs_Orange,7523.392759699943,85,88.51050305529344
1,Pale Blue_vs_Orange,7650.824525588776,89,85.96432051223344
2,Pale Blue_vs_Orange,7819.050655569429,84,93.08393637582654
3,Pale Blue_vs_Orange,7971.324066823815,84,94.8967150812359
0,Pale Blue_vs_Pale Green,2747.387952136284,68,40.402764002004176
1,Pale Blue_vs_Pale Green,2907.2803468838897,79,36.801017049163164
2,Pale Blue_vs_Pale Green,2800.1560562307914,67,41.7933739735939
3,Pale Blue_vs_Pale Green,2970.0753827597187,75,39.60100510346292
0,Green_vs_Dark Pink,2281.4276167282464,101,22.58839224483412
1,Green_vs_Dark Pink,2221.706166615082,102,21.781433006030216
2,Green_vs_Dark Pink,2109.5786429588434,92,22.930202640856994
3,Green_vs_Dark Pink,2308.9051848331173,107,21.57855312928147
0,Green_vs_Orange,8995.616272301422,95,94.69069760317286
1,Green_vs_Orange,8841.782734000295,84,105.25931826190828
2,Green_vs_Orange,9169.410934796218,94,97.54692483825764
3,Green_vs_Orange,9063.210545062737,104,87.14625524098786
0,Green_vs_Pale Green,2587.544957417848,74,34.96682374888984
1,Green_vs_Pale Green,2611.9628420401996,72,36.27726169500277
2,Green_vs_Pale Green,2680.095428249553,69,38.841962728254394
3,Green_vs_Pale Green,2743.2307922083055,76,36.095142002740864
0,Dark Pink_vs_Orange,2922.7823512920295,99,29.523054053454842
1,Dark Pink_vs_Orange,3019.727295566924,101,29.89829005511806
2,Dark Pink_vs_Orange,2853.3964272025387,95,30.035751865289882
3,Dark Pink_vs_Orange,2779.2897480164324,89,31.22797469681385
0,Dark Pink_vs_Pale Green,1885.90445289545,91,20.72422475709286
1,Dark Pink_vs_Pale Green,1873.5746629848072,93,20.145964118116208
2,Dark Pink_vs_Pale Green,1849.0059116143398,89,20.775347321509436
3,Dark Pink_vs_Pale Green,1899.0036520498313,91,20.868172000547595
0,Orange_vs_Pale Green,3945.399072776759,90,43.837767475297326
1,Orange_vs_Pale Green,4137.564761815026,99,41.793583452677034
2,Orange_vs_Pale Green,4004.304348161971,91,44.00334448529639
3,Orange_vs_Pale Green,4152.95567891801,103,40.31995804774767
0,Blue_vs_Pink,11617.250276219285,111,104.65991239837194
1,Blue_vs_Pink,11184.14549109757,109,102.60683936786761
2,Blue_vs_Pink,11913.766729557763,112,106.37291722819431
3,Blue_vs_Pink,12031.600778464235,107,112.44486708845079
0,Blue_vs_Turquoise,2831.4160292499937,52,54.450308254807574
1,Blue_vs_Turquoise,2906.932999023467,53,54.84779243440504
2,Blue_vs_Turquoise,2639.164476812763,51,51.74832307476006
3,Blue_vs_Turquoise,2864.542760165608,55,52.08259563937469
0,Blue_vs_White,6255.831915412243,99,63.19022136780043
1,Blue_vs_White,6261.710586987918,100,62.617105869879175
2,Blue_vs_White,6741.182888709591,103,65.44837756028728
3,Blue_vs_White,6951.383924497561,100,69.5138392449756
0,Blue_vs_Yellow,15238.555463085602,120,126.98796219238002
1,Blue_vs_Yellow,15347.969951469498,134,114.53708919007089
2,Blue_vs_Yellow,14936.976094787069,109,137.03647793382632
3,Blue_vs_Yellow,15305.37426144871,118,129.70656153770094
0,Blue_vs_Pale Blue,5186.511070164972,82,63.25013500201185
1,Blue_vs_Pale Blue,5311.760905760923,83,63.99711934651715
2,Blue_vs_Pale Blue,5417.436136527797,80,67.71795170659746
3,Blue_vs_Pale Blue,5305.036290170274,75,70.73381720227032
0,Blue_vs_Green,5367.521667605902,72,74.54891205008197
1,Blue_vs_Green,5394.318220894287,74,72.89619217424712
2,Blue_vs_Green,6160.7966811975775,84,73.34281763330449
3,Blue_vs_Green,6097.036286479364,83,73.45826851179957
0,Blue_vs_Dark Pink,2025.0233705554106,92,22.01112359299359
1,Blue_vs_Dark Pink,2091.642061843438,101,20.709327344984537
2,Blue_vs_Dark Pink,1994.896649123208,101,19.75145197151691
3,Blue_vs_Dark Pink,1912.9293343500551,89,21.493588026405114
0,Blue_vs_Orange,10386.23344441348,86,120.7701563303893
1,Blue_vs_Orange,10302.285282718596,86,119.79401491533251
2,Blue_vs_Orange,10088.659896425675,81,124.55135674599599
3,Blue_vs_Orange,10370.688806931783,95,109.16514533612403
0,Blue_vs_Pale Green,2172.961232303668,50,43.45922464607336
1,Blue_vs_Pale Green,2215.0809669916302,50,44.301619339832605
2,Blue_vs_Pale Green,2311.150593585226,48,48.14897069969221
3,Blue_vs_Pale Green,2165.9073718523596,49,44.202191262293056
0,Pink_vs_Turquoise,4957.789796636537,103,48.13388152074308
1,Pink_vs_Turquoise,4747.766230761208,104,45.65159837270392
2,Pink_vs_Turquoise,4808.910700287938,104,46.2395259643071
3,Pink_vs_Turquoise,4712.302541444229,82,57.46710416395401
0,Pink_vs_White,8163.388658085483,110,74.21262416441348
1,Pink_vs_White,8360.071421677758,111,75.31595875385368
2,Pink_vs_White,8540.562915288136,111,76.94200824583906
3,Pink_vs_White,8871.03603147933,111,79.91924352684082
0,Pink_vs_Yellow,23901.13193407548,126,189.69152328631336
1,Pink_vs_Yellow,24185.04747856467,123,196.6264022647534
2,Pink_vs_Yellow,24572.287124747178,126,195.01815178370776
3,Pink_vs_Yellow,24484.104621407885,122,200.68938214268758
0,Pink_vs_Pale Blue,7392.585410100288,96,77.006098021878
1,Pink_vs_Pale Blue,7404.385755543842,94,78.7700612291898
2,Pink_vs_Pale Blue,7600.67977189392,105,72.38742639898972
3,Pink_vs_Pale Blue,7820.222044413572,111,70.45245085057272
0,Pink_vs_Green,9924.752302101893,104,95.43031059713358
1,Pink_vs_Green,9971.431538488841,106,94.07010885366832
2,Pink_vs_Green,9961.819870280202,106,93.97943273849248
3,Pink_vs_Green,9863.27413730567,107,92.18013212435206
0,Pink_vs_Dark Pink,3058.6989294271284,117,26.14272589253956
1,Pink_vs_Dark Pink,2956.5618207381754,105,28.15773162607786
2,Pink_vs_Dark Pink,3104.493935114439,116,26.76287875098654
3,Pink_vs_Dark Pink,3081.7423463256087,113,27.272056162173527
0,Pink_vs_Orange,13078.566244642401,102,128.22123769257257
1,Pink_vs_Orange,13198.262729890486,102,129.39473264598516
2,Pink_vs_Orange,13414.486142616397,103,130.23772953996502
3,Pink_vs_Orange,13298.073365265793,98,135.69462617618157
0,Pink_vs_Pale Green,3801.54363141397,79,48.12080546093633
1,Pink_vs_Pale Green,3964.4038029280186,101,39.25152280126751
2,Pink_vs_Pale Green,3949.9132590235968,99,39.89811372751108
3,Pink_vs_Pale Green,4028.6285954952127,95,42.40661679468645
0,Turquoise_vs_White,4711.244172031063,94,50.119618851394286
1,Turquoise_vs_White,4620.982506195522,100,46.209825061955215
2,Turquoise_vs_White,4554.73887975711,98,46.47692734446031
3,Turquoise_vs_White,4728.723685852347,91,51.963996547827996
0,Turquoise_vs_Yellow,5983.353740451878,118,50.70638763094812
1,Turquoise_vs_Yellow,5974.1419950853915,114,52.40475434285431
2,Turquoise_vs_Yellow,6106.8814219315855,116,52.645529499410216
3,Turquoise_vs_Yellow,6057.354347248728,107,56.61078829204419
0,Turquoise_vs_Pale Blue,3127.142663948875,59,53.00241803303178
1,Turquoise_vs_Pale Blue,3135.7327647144302,64,48.99582444866297
2,Turquoise_vs_Pale Blue,3284.0629178881313,58,56.62177444634709
3,Turquoise_vs_Pale Blue,3305.870749698625,60,55.09784582831041
0,Turquoise_vs_Green,3304.008978638633,72,45.889013592203234
1,Turquoise_vs_Green,3180.9303661087743,72,44.17958841817742
2,Turquoise_vs_Green,3130.0008233159037,74,42.297308423187886
3,Turquoise_vs_Green,3710.892923689685,72,51.54017949569007
0,Turquoise_vs_Dark Pink,2642.5933499293124,101,26.164290593359528
1,Turquoise_vs_Dark Pink,2678.255604152933,101,26.517382219335968
2,Turquoise_vs_Dark Pink,2692.353424388737,101,26.65696459790829
3,Turquoise_vs_Dark Pink,2781.591558606175,101,27.54051048124926
0,Turquoise_vs_Orange,4001.9300259007928,73,54.82095925891497
1,Turquoise_vs_Orange,3926.484520637278,67,58.60424657667579
2,Turquoise_vs_Orange,3980.817092711106,73,54.531740996042544
3,Turquoise_vs_Orange,4037.0937404673127,73,55.30265397900428
0,Turquoise_vs_Pale Green,2667.38759455559,50,53.347751891111805
1,Turquoise_vs_Pale Green,2641.5720941346035,50,52.83144188269207
2,Turquoise_vs_Pale Green,2771.5260747250036,54,51.324556939351915
3,Turquoise_vs_Pale Green,2775.2615512563602,52,53.3704144472377
0,White_vs_Yellow,10977.83449358815,122,89.98224994744386
1,White_vs_Yellow,10955.48145566086,125,87.64385164528687
2,White_vs_Yellow,10981.030369888418,121,90.75231710651585
3,White_vs_Yellow,11210.936355780283,124,90.41077706274422
0,White_vs_Pale Blue,7355.537417870025,103,71.4129846395148
1,White_vs_Pale Blue,7734.341613672341,121,63.920178625391245
2,White_vs_Pale Blue,7721.672490790997,114,67.73396921746489
3,White_vs_Pale Blue,7779.425411155758,108,72.03171676996072
0,White_vs_Green,6954.84600443644,112,62.096839325325355
1,White_vs_Green,7346.542994909729,113,65.01365482220999
2,White_vs_Green,7022.434267939716,114,61.60030059596242
3,White_vs_Green,7041.655479117503,108,65.20051369553244
0,White_vs_Dark Pink,2886.5924015931682,107,26.977499080309983
1,White_vs_Dark Pink,2840.563430113877,99,28.69255990014017
2,White_vs_Dark Pink,2811.8909653997966,99,28.40293904444239
3,White_vs_Dark Pink,3031.9873514272117,111,27.315201364209113
0,White_vs_Orange,7750.51502061332,104,74.52418289051269
1,White_vs_Orange,7694.264419876224,97,79.32231360697138
2,White_vs_Orange,8080.710349115167,107,75.52065746836605
3,White_vs_Orange,8109.178435159616,107,75.78671434728614
0,White_vs_Pale Green,5092.116991714662,123,41.39932513589156
1,White_vs_Pale Green,5070.2484761237765,125,40.56198780899021
2,White_vs_Pale Green,5107.91901254019,121,42.214206715208185
3,White_vs_Pale Green,4870.185416892765,121,40.24946625531211
0,Yellow_vs_Pale Blue,10279.548522826606,120,85.66290435688839
1,Yellow_vs_Pale Blue,10147.226765067702,119,85.27081315182943
2,Yellow_vs_Pale Blue,10417.145455141334,124,84.00923754146237
3,Yellow_vs_Pale Blue,10741.612756503124,145,74.08008797588361
0,Yellow_vs_Green,12719.788779761244,128,99.37334984188472
1,Yellow_vs_Green,12822.898023993583,125,102.58318419194866
2,Yellow_vs_Green,12599.850053719869,118,106.7783902857616
3,Yellow_vs_Green,12997.297929905277,122,106.5352289336498
0,Yellow_vs_Dark Pink,3862.039057966631,118,32.72914455903925
1,Yellow_vs_Dark Pink,3623.4580856697007,109,33.242734730914684
2,Yellow_vs_Dark Pink,3751.237353255217,116,32.338253045303595
3,Yellow_vs_Dark Pink,3570.700224690274,110,32.460911133547945
0,Yellow_vs_Orange,16797.945852415465,121,138.8259987802931
1,Yellow_vs_Orange,16772.06095039561,121,138.61207397021167
2,Yellow_vs_Orange,16953.85133533833,120,141.28209446115275
3,Yellow_vs_Orange,17185.673996695026,121,142.0303636090498
0,Yellow_vs_Pale Green,5755.952636227479,115,50.05176205415199
1,Yellow_vs_Pale Green,5539.804610136513,108,51.294487130893636
2,Yellow_vs_Pale Green,5685.429485010398,130,43.734072961618445
3,Yellow_vs_Pale Green,5557.567279998315,98,56.70987020406444
0,Pale Blue_vs_Green,5395.804800633573,71,75.99725071314892
1,Pale Blue_vs_Green,5709.008354130425,89,64.14616128236432
2,Pale Blue_vs_Green,5637.961378331613,89,63.34788065541138
3,Pale Blue_vs_Green,5800.486776487898,78,74.36521508317819
0,Pale Blue_vs_Dark Pink,2221.5389302825156,113,19.659636551172703
1,Pale Blue_vs_Dark Pink,2403.912822360311,116,20.723386399657855
2,Pale Blue_vs_Dark Pink,2399.610363010519,117,20.509490282141186
3,Pale Blue_vs_Dark Pink,2387.1803766047674,118,20.230342174616673
0,Pale Blue_vs_Orange,7919.215606141475,91,87.02434732023599
1,Pale Blue_vs_Orange,8134.958206118061,93,87.47266888298991
2,Pale Blue_vs_Orange,8440.467012721563,111,76.04024335785192
3,Pale Blue_vs_Orange,8461.57155242944,94,90.01671864286638
0,Pale Blue_vs_Pale Green,2608.6523660789085,62,42.07503816256304
1,Pale Blue_vs_Pale Green,2666.443173836669,65,41.02220267441029
2,Pale Blue_vs_Pale Green,2645.25573701879,62,42.665415113206294
3,Pale Blue_vs_Pale Green,2738.4053667473213,68,40.270667158048845
0,Green_vs_Dark Pink,2221.9655894465013,107,20.766033546228986
1,Green_vs_Dark Pink,2018.7388444237718,89,22.682458926109796
2,Green_vs_Dark Pink,2040.7773044117578,93,21.943841982922127
3,Green_vs_Dark Pink,2202.9201848130406,103,21.387574609835344
0,Green_vs_Orange,8827.148080896672,102,86.54066745977129
1,Green_vs_Orange,9024.053068436873,106,85.132576117329
2,Green_vs_Orange,9225.777306943526,89,103.66041917914075
3,Green_vs_Orange,8996.842052741742,90,99.96491169713046
0,Green_vs_Pale Green,2421.675702357628,70,34.59536717653754
1,Green_vs_Pale Green,2328.7726880548084,64,36.38707325085638
2,Green_vs_Pale Green,2446.411766850581,73,33.51248995685727
3,Green_vs_Pale Green,2369.504390269106,68,34.845652798075086
0,Dark Pink_vs_Orange,2944.853394184173,104,28.31589802100166
1,Dark Pink_vs_Orange,3067.0173915802225,119,25.773255391430443
2,Dark Pink_vs_Orange,3090.6263502260463,111,27.843480632667085
3,Dark Pink_vs_Orange,3508.5645598336823,122,28.758725900276083
0,Dark Pink_vs_Pale Green,1874.5380822758327,92,20.37541393778079
1,Dark Pink_vs_Pale Green,1856.0433423016432,92,20.174384155452643
2,Dark Pink_vs_Pale Green,1821.1050794234586,83,21.94102505329468
3,Dark Pink_vs_Pale Green,1923.557394423201,94,20.463376536417034
0,Orange_vs_Pale Green,3694.812916073162,71,52.03961853624172
1,Orange_vs_Pale Green,3754.6859507042705,71,52.882900714144654
2,Orange_vs_Pale Green,3809.494251552299,75,50.793256687363986
3,Orange_vs_Pale Green,3896.096321897952,78,49.949952844845534
0,Blue_vs_Pink,10628.65663494778,94,113.07081526540192
1,Blue_vs_Pink,10673.716425788269,94,113.5501747424284
2,Blue_vs_Pink,11586.269198552052,97,119.44607421187683
3,Blue_vs_Pink,11489.49312006022,106,108.39144452887001
0,Blue_vs_Turquoise,2647.4567178042985,47,56.32886633626167
1,Blue_vs_Turquoise,2762.4769128016646,53,52.1222059019182
2,Blue_vs_Turquoise,2914.878939223843,51,57.154489004389085
3,Blue_vs_Turquoise,2967.5648343971206,56,52.99222918566287
0,Blue_vs_White,6292.680677243496,93,67.66323308863974
1,Blue_vs_White,6054.6753577862355,101,59.947280770160745
2,Blue_vs_White,6370.4336684735345,110,57.9130333497594
3,Blue_vs_White,6327.614764435076,112,56.49656039674175
0,Blue_vs_Yellow,15190.113670630933,118,128.72977686975366
1,Blue_vs_Yellow,15509.882582757918,127,122.12505970675527
2,Blue_vs_Yellow,15173.947844366146,110,137.9449804033286
3,Blue_vs_Yellow,15426.607344307207,131,117.76036140692524
0,Blue_vs_Pale Blue,5214.06914631252,78,66.84704033734
1,Blue_vs_Pale Blue,5541.960453397353,82,67.5848835780165
2,Blue_vs_Pale Blue,5405.16266124444,76,71.12056133216367
3,Blue_vs_Pale Blue,5736.428613208219,85,67.48739544950845
0,Blue_vs_Green,5196.54511550718,72,72.1742377153775
1,Blue_vs_Green,5308.552820360591,74,71.73720027514312
2,Blue_vs_Green,6132.4213480533645,80,76.65526685066706
3,Blue_vs_Green,6163.9278407893635,83,74.2641908528839
0,Blue_vs_Dark Pink,1998.1622092143386,92,21.719154447981943
1,Blue_vs_Dark Pink,2083.7884473823015,101,20.63156878596338
2,Blue_vs_Dark Pink,2098.3776915460976,101,20.776016747981163
3,Blue_vs_Dark Pink,1975.3648227700392,93,21.24048196526924
0,Blue_vs_Orange,10363.535801370006,89,116.44422248730343
1,Blue_vs_Orange,10415.968089229744,95,109.64176936031309
2,Blue_vs_Orange,10158.279694963778,86,118.11953133678811
3,Blue_vs_Orange,10530.261264219593,88,119.66205982067719
0,Blue_vs_Pale Green,2463.535658278792,61,40.38583046358676
1,Blue_vs_Pale Green,2333.8300697451273,53,44.03452961783259
2,Blue_vs_Pale Green,2476.5496693078203,54,45.86203091310778
3,Blue_vs_Pale Green,2441.506500936581,50,48.830130018731616
0,Pink_vs_Turquoise,4408.738384707128,78,56.52228698342471
1,Pink_vs_Turquoise,4269.673726778816,73,58.4886811887509
2,Pink_vs_Turquoise,4334.8805327545315,80,54.18600665943164
3,Pink_vs_Turquoise,4773.071623591849,82,58.20819053160791
0,Pink_vs_White,7588.906477570201,100,75.88906477570201
1,Pink_vs_White,7470.303434940755,104,71.82984072058419
2,Pink_vs_White,7895.467492533307,101,78.1729454706268
3,Pink_vs_White,8172.621387486886,121,67.54232551642055
0,Pink_vs_Yellow,24279.285748370712,140,173.42346963121938
1,Pink_vs_Yellow,24544.64037697376,141,174.07546366648057
2,Pink_vs_Yellow,24432.228646772644,142,172.05794821670875
3,Pink_vs_Yellow,24731.188731437356,138,179.2115125466475
0,Pink_vs_Pale Blue,7580.662834616564,89,85.1759869058041
1,Pink_vs_Pale Blue,7700.5430374530415,102,75.49551997502982
2,Pink_vs_Pale Blue,7829.850182718675,105,74.57000174017786
3,Pink_vs_Pale Blue,7866.389467264303,105,74.9179949263267
0,Pink_vs_Green,8958.32653979531,103,86.97404407568261
1,Pink_vs_Green,9062.532121330663,116,78.12527690802295
2,Pink_vs_Green,9039.244205883133,116,77.9245190162339
3,Pink_vs_Green,8928.785498028525,104,85.85370671181273
0,Pink_vs_Dark Pink,2978.4663002549282,113,26.358108851813522
1,Pink_vs_Dark Pink,3342.273245214257,120,27.85227704345214
2,Pink_vs_Dark Pink,3297.0408587462307,113,29.17735273226753
3,Pink_vs_Dark Pink,3407.860678180923,123,27.706184375454658
0,Pink_vs_Orange,13091.557868161834,100,130.91557868161834
1,Pink_vs_Orange,13186.459067581649,96,137.35894862064217
2,Pink_vs_Orange,13550.282265493295,100,135.50282265493294
3,Pink_vs_Orange,13560.36940594071,103,131.654071902337
0,Pink_vs_Pale Green,4363.625247720157,104,41.95793507423228
1,Pink_vs_Pale Green,4313.935842510711,102,42.2934886520658
2,Pink_vs_Pale Green,4490.356180729585,111,40.45365928585211
3,Pink_vs_Pale Green,4461.66572583814,100,44.6166572583814
0,Turquoise_vs_White,4445.865240211195,88,50.52119591149085
1,Turquoise_vs_White,4457.017583327017,86,51.82578585263973
2,Turquoise_vs_White,4480.122218853317,88,50.91047975969678
3,Turquoise_vs_White,4440.487808953467,84,52.86295010658889
0,Turquoise_vs_Yellow,5862.469700979229,110,53.29517909981117
1,Turquoise_vs_Yellow,5869.872639765309,107,54.858622801544946
2,Turquoise_vs_Yellow,5929.912446292343,125,47.43929957033874
3,Turquoise_vs_Yellow,5795.823251373532,108,53.66503010531048
0,Turquoise_vs_Pale Blue,3478.3936728870026,66,52.702934437681854
1,Turquoise_vs_Pale Blue,3494.2049709534554,75,46.58939961271274
2,Turquoise_vs_Pale Blue,3776.7928060637214,73,51.736887754297555
3,Turquoise_vs_Pale Blue,3731.541156690527,76,49.09922574592798
0,Turquoise_vs_Green,3237.397776917318,69,46.91880836112055
1,Turquoise_vs_Green,3046.7827962105725,64,47.605981190790196
2,Turquoise_vs_Green,3212.4742281850536,71,45.24611588993033
3,Turquoise_vs_Green,3113.0334068700186,58,53.67298977362101
0,Turquoise_vs_Dark Pink,2491.054047554453,93,26.785527393058636
1,Turquoise_vs_Dark Pink,2658.3933256734986,101,26.32072599676731
2,Turquoise_vs_Dark Pink,2627.1499188105595,98,26.807652232760812
3,Turquoise_vs_Dark Pink,2698.150936027019,101,26.71436570323781
0,Turquoise_vs_Orange,4397.585594278823,86,51.134716212544454
1,Turquoise_vs_Orange,4464.861873256375,102,43.77315562016054
2,Turquoise_vs_Orange,4928.568420002814,91,54.160092527503444
3,Turquoise_vs_Orange,5181.271754603485,98,52.87011994493351
0,Turquoise_vs_Pale Green,2709.2925053201507,51,53.123382457257854
1,Turquoise_vs_Pale Green,2676.101502210235,50,53.522030044204705
2,Turquoise_vs_Pale Green,2680.627448109669,50,53.61254896219338
3,Turquoise_vs_Pale Green,2738.709609589715,48,57.05645019978573
0,White_vs_Yellow,10585.47764487546,130,81.42675111442662
1,White_vs_Yellow,10420.336285716641,115,90.61161987579688
2,White_vs_Yellow,10992.378978818135,124,88.64821757111399
3,White_vs_Yellow,10984.223392044283,123,89.30262920361206
0,White_vs_Pale Blue,7392.62000890305,112,66.00553579377723
1,White_vs_Pale Blue,7671.266618620611,110,69.73878744200555
2,White_vs_Pale Blue,8056.378272002802,126,63.93951009526033
3,White_vs_Pale Blue,8176.231942625704,118,69.2901012086924
0,White_vs_Green,6955.877781860981,110,63.23525256237255
1,White_vs_Green,6777.203846228327,90,75.30226495809252
2,White_vs_Green,7158.974487678119,110,65.08158625161926
3,White_vs_Green,7613.573364411552,111,68.5907510307347
0,White_vs_Dark Pink,2676.6090849191924,101,26.501080048704875
1,White_vs_Dark Pink,2791.6237640149566,101,27.63983924767284
2,White_vs_Dark Pink,2810.4632752573775,101,27.82636906195423
3,White_vs_Dark Pink,2641.079612121261,91,29.022852880453417
0,White_vs_Orange,7886.470912882386,110,71.6951901171126
1,White_vs_Orange,7634.871055860648,105,72.71305767486332
2,White_vs_Orange,7945.175992085583,125,63.56140793668467
3,White_vs_Orange,7977.439026299096,110,72.52217296635543
0,White_vs_Pale Green,4450.927849209183,99,44.95886716372912
1,White_vs_Pale Green,4707.52746137244,96,49.036744389296246
2,White_vs_Pale Green,4681.836545911314,99,47.291278241528424
3,White_vs_Pale Green,4805.675299790162,94,51.124205316916616
0,Yellow_vs_Pale Blue,10320.771849788485,122,84.59649057203677
1,Yellow_vs_Pale Blue,10669.924393864958,123,86.74735279565006
2,Yellow_vs_Pale Blue,10747.395038174953,127,84.62515778090514
3,Yellow_vs_Pale Blue,10922.845253440777,125,87.38276202752621
0,Yellow_vs_Green,12683.400075888117,116,109.33965582662171
1,Yellow_vs_Green,12948.112218604043,125,103.58489774883235
2,Yellow_vs_Green,13097.896120490694,131,99.983939851074
3,Yellow_vs_Green,11701.5934475767,103,113.60770337453107
0,Yellow_vs_Dark Pink,3537.465260770121,106,33.3723137808502
1,Yellow_vs_Dark Pink,3394.5782325026485,107,31.725030210305125
2,Yellow_vs_Dark Pink,3474.6897825742894,107,32.473736285741026
3,Yellow_vs_Dark Pink,3499.915079512786,106,33.018066787856476
0,Yellow_vs_Orange,17149.03891599977,135,127.02991789629458
1,Yellow_vs_Orange,17519.22380736925,138,126.95089715484964
2,Yellow_vs_Orange,17288.52807694868,124,139.4236135237797
3,Yellow_vs_Orange,17617.50410851136,125,140.94003286809087
0,Yellow_vs_Pale Green,6235.965436248554,131,47.602789589683624
1,Yellow_vs_Pale Green,5750.633682794615,107,53.7442400261179
2,Yellow_vs_Pale Green,6068.510289312346,113,53.703630878870314
3,Yellow_vs_Pale Green,5747.573565230754,105,54.73879585934051
0,Pale Blue_vs_Green,5496.16514953331,80,68.70206436916638
1,Pale Blue_vs_Green,5660.144323348622,84,67.38267051605501
2,Pale Blue_vs_Green,5731.299038621327,81,70.75677825458428
3,Pale Blue_vs_Green,5954.991703411122,82,72.62185004159905
0,Pale Blue_vs_Dark Pink,2200.729910801969,103,21.36630981361135
1,Pale Blue_vs_Dark Pink,2322.0444440384795,109,21.30316003705027
2,Pale Blue_vs_Dark Pink,2417.4343447312885,114,21.205564427467444
3,Pale Blue_vs_Dark Pink,2399.496287576364,113,21.23448042102977
0,Pale Blue_vs_Orange,7729.406878460345,87,88.84375722368213
1,Pale Blue_vs_Orange,7997.523549416577,92,86.92960379800627
2,Pale Blue_vs_Orange,8189.733966585297,96,85.30972881859684
3,Pale Blue_vs_Orange,8459.091755920375,94,89.99033782894017
0,Pale Blue_vs_Pale Green,2448.020726165051,53,46.18907030500097
1,Pale Blue_vs_Pale Green,2551.643757750559,60,42.52739596250932
2,Pale Blue_vs_Pale Green,2649.1298292954384,67,39.539251183514004
3,Pale Blue_vs_Pale Green,2690.7165388736303,68,39.56936086578868
0,Green_vs_Dark Pink,2038.836414329005,92,22.161265373141358
1,Green_vs_Dark Pink,2047.908948745144,89,23.01021290724881
2,Green_vs_Dark Pink,2161.9596588001345,98,22.06081284489933
3,Green_vs_Dark Pink,2152.8887919256513,91,23.658118592589574
0,Green_vs_Orange,8558.502178062552,83,103.11448407304279
1,Green_vs_Orange,8726.76220687741,83,105.14171333587242
2,Green_vs_Orange,8947.071429633424,88,101.67126624583437
3,Green_vs_Orange,8689.44293634874,77,112.84990826426935
0,Green_vs_Pale Green,2324.956235422202,74,31.418327505705435
1,Green_vs_Pale Green,2444.4517222818126,80,30.555646528522658
2,Green_vs_Pale Green,2477.8931363961615,79,31.36573590374888
3,Green_vs_Pale Green,2336.625334350704,68,34.3621372698633
0,Dark Pink_vs_Orange,2553.050399957592,86,29.68663255764642
1,Dark Pink_vs_Orange,2653.550254562561,89,29.815171399579334
2,Dark Pink_vs_Orange,2808.2991351583946,101,27.804941932261332
3,Dark Pink_vs_Orange,2587.5158891541387,86,30.087394059931846
0,Dark Pink_vs_Pale Green,1965.3677387274302,93,21.132986437929357
1,Dark Pink_vs_Pale Green,2033.88291405929,100,20.3388291405929
2,Dark Pink_vs_Pale Green,2011.1080081728335,92,21.859869654052538
3,Dark Pink_vs_Pale Green,2000.425917708983,96,20.837769976135238
0,Orange_vs_Pale Green,3945.9915645953993,79,49.949260311334164
1,Orange_vs_Pale Green,4144.308957912734,79,52.4596070621865
2,Orange_vs_Pale Green,4031.9949380078624,72,55.99992969455364
3,Orange_vs_Pale Green,4174.571463698003,79,52.84267675567092
0,Blue_vs_Pink,11895.088166038984,113,105.2662669560972
1,Blue_vs_Pink,11787.013130148756,93,126.7420766682662
2,Blue_vs_Pink,11919.777245850613,113,105.48475438805852
3,Blue_vs_Pink,12054.023057435685,94,128.23428784506046
0,Blue_vs_Turquoise,2868.283538115919,55,52.150609783925795
1,Blue_vs_Turquoise,2936.972738807752,56,52.44594176442415
2,Blue_vs_Turquoise,2986.7634255264607,56,53.33506117011537
3,Blue_vs_Turquoise,2887.0430219221057,58,49.7766038262432
0,Blue_vs_White,6276.700987247061,112,56.041973100420186
1,Blue_vs_White,6266.16577003562,112,55.94790866103232
2,Blue_vs_White,6703.402972307777,97,69.10724713719358
3,Blue_vs_White,6694.262465456318,91,73.56332379622327
0,Blue_vs_Yellow,15355.410760526462,124,123.83395774618114
1,Blue_vs_Yellow,15405.236241627961,132,116.7063351638482
2,Blue_vs_Yellow,15218.905974197722,124,122.73311269514292
3,Blue_vs_Yellow,15349.918050086702,124,123.7896616942476
0,Blue_vs_Pale Blue,5205.601676011087,72,72.30002327793176
1,Blue_vs_Pale Blue,5534.032895419648,82,67.48820604170302
2,Blue_vs_Pale Blue,5885.315892757066,88,66.87858969042121
3,Blue_vs_Pale Blue,5743.786028920866,86,66.78820963861472
0,Blue_vs_Green,5337.952445227935,72,74.13822840594354
1,Blue_vs_Green,5476.771431782124,70,78.23959188260177
2,Blue_vs_Green,6154.14199722985,82,75.05051216133964
3,Blue_vs_Green,6049.71752572456,84,72.02044673481619
0,Blue_vs_Dark Pink,2057.7687882062382,101,20.373948398081566
1,Blue_vs_Dark Pink,1994.7622201538409,101,19.750120991622186
2,Blue_vs_Dark Pink,2051.5927760576446,101,20.312799762946977
3,Blue_vs_Dark Pink,2279.0709134030967,117,19.479238576094843
0,Blue_vs_Orange,10266.861927735921,81,126.75138182390026
1,Blue_vs_Orange,10282.560891283461,86,119.56466152655187
2,Blue_vs_Orange,10418.185163664013,100,104.18185163664013
3,Blue_vs_Orange,10574.857052256204,94,112.49847927932132
0,Blue_vs_Pale Green,2179.793898463708,50,43.59587796927416
1,Blue_vs_Pale Green,2223.2049217372473,49,45.371529015045866
2,Blue_vs_Pale Green,2331.093983062477,52,44.82873044350917
3,Blue_vs_Pale Green,2275.2977524872485,50,45.50595504974497
0,Pink_vs_Turquoise,4237.748817117052,79,53.642390090089265
1,Pink_vs_Turquoise,3950.047661863269,72,54.861773081434286
2,Pink_vs_Turquoise,3904.4390731985804,72,54.22832046109139
3,Pink_vs_Turquoise,4031.5147444074873,72,55.99326033899288
0,Pink_vs_White,8443.434620698205,125,67.54747696558563
1,Pink_vs_White,8620.187937675893,117,73.67681998013585
2,Pink_vs_White,8493.632773641177,116,73.22097218656187
3,Pink_vs_White,8515.052698516993,103,82.67041454870866
0,Pink_vs_Yellow,23913.89138100149,134,178.46187597762307
1,Pink_vs_Yellow,24409.50813747402,132,184.920516192985
2,Pink_vs_Yellow,24823.51285264466,134,185.25009591525867
3,Pink_vs_Yellow,24695.262911104368,134,184.29300679928633
0,Pink_vs_Pale Blue,7319.789099185484,97,75.461743290572
1,Pink_vs_Pale Blue,7221.411703191306,84,85.96918694275364
2,Pink_vs_Pale Blue,7691.763573736643,104,73.9592651320831
3,Pink_vs_Pale Blue,7811.408604804779,104,75.10969812312288
0,Pink_vs_Green,9340.757514690496,105,88.95959537800474
1,Pink_vs_Green,9390.691090755075,109,86.15312927298234
2,Pink_vs_Green,9407.838756635076,109,86.31044730857867
3,Pink_vs_Green,9480.180334924027,101,93.86317163291116
0,Pink_vs_Dark Pink,2818.235179992443,114,24.721361228003886
1,Pink_vs_Dark Pink,2717.3068485270496,96,28.305279672156768
2,Pink_vs_Dark Pink,2758.7564651216403,98,28.150576174710615
3,Pink_vs_Dark Pink,2706.314899594337,97,27.90015360406533
0,Pink_vs_Orange,13359.285999388927,114,117.18671929288533
1,Pink_vs_Orange,13339.136081175147,105,127.03939124928712
2,Pink_vs_Orange,13447.991612055843,109,123.37606983537471
3,Pink_vs_Orange,13576.78889823701,109,124.55769631410101
0,Pink_vs_Pale Green,4029.0185786796733,108,37.305727580367346
1,Pink_vs_Pale Green,3997.828352695407,89,44.91941969320682
2,Pink_vs_Pale Green,4050.306909090766,87,46.555251828629494
3,Pink_vs_Pale Green,4165.124724222187,98,42.50127269614477
0,Turquoise_vs_White,4683.197813817632,95,49.29681909281718
1,Turquoise_vs_White,4647.359191178551,91,51.069881221742314
2,Turquoise_vs_White,4624.776671294015,91,50.82172166257159
3,Turquoise_vs_White,4657.697898076097,97,48.017504103877286
0,Turquoise_vs_Yellow,5307.384862186566,102,52.03318492339771
1,Turquoise_vs_Yellow,5614.220789424818,110,51.03837081295289
2,Turquoise_vs_Yellow,5681.81853312958,110,51.652895755723456
3,Turquoise_vs_Yellow,5748.191006336252,118,48.71348310454451
0,Turquoise_vs_Pale Blue,3659.7681068638735,71,51.546029674139064
1,Turquoise_vs_Pale Blue,3576.8870507801885,81,44.159099392348004
2,Turquoise_vs_Pale Blue,3651.1113067264528,66,55.31986828373413
3,Turquoise_vs_Pale Blue,3714.062228204627,66,56.27367012431253
0,Turquoise_vs_Green,3229.249152840655,74,43.63850206541426
1,Turquoise_vs_Green,3254.1233616019185,67,48.56900539704356
2,Turquoise_vs_Green,3547.74346728322,78,45.48389060619513
3,Turquoise_vs_Green,3318.0580464792,73,45.45284995176986
0,Turquoise_vs_Dark Pink,2658.319861301647,101,26.31999862674898
1,Turquoise_vs_Dark Pink,2695.9662922334596,98,27.50986012483122
2,Turquoise_vs_Dark Pink,2754.9759015077293,101,27.276989123838906
3,Turquoise_vs_Dark Pink,2705.105450898431,101,26.78322228612308
0,Turquoise_vs_Orange,3769.9903520435373,66,57.1210659400536
1,Turquoise_vs_Orange,3656.146844392961,58,63.03701455849933
2,Turquoise_vs_Orange,3863.765151479995,70,55.196645021142785
3,Turquoise_vs_Orange,4018.925026073809,70,57.41321465819727
0,Turquoise_vs_Pale Green,2662.526810496785,50,53.250536209935696
1,Turquoise_vs_Pale Green,2675.677936137643,50,53.51355872275286
2,Turquoise_vs_Pale Green,2770.1422319734997,51,54.316514352421564
3,Turquoise_vs_Pale Green,2830.842808373792,52,54.43928477641908
0,White_vs_Yellow,9719.214539327379,116,83.78633223558084
1,White_vs_Yellow,9792.27459187687,105,93.25975801787496
2,White_vs_Yellow,9930.454525271512,108,91.94865301177326
3,White_vs_Yellow,9959.603145703677,109,91.37250592388695
0,White_vs_Pale Blue,7495.685528374974,117,64.06568827670918
1,White_vs_Pale Blue,7973.753593782872,119,67.00633272086446
2,White_vs_Pale Blue,7884.8863861669815,114,69.16567005409632
3,White_vs_Pale Blue,8328.768675163361,131,63.5783868333081
0,White_vs_Green,6758.142768813778,95,71.13834493488187
1,White_vs_Green,6983.671693904225,112,62.3542115527163
2,White_vs_Green,7202.6051182476385,107,67.31406652567887
3,White_vs_Green,7361.984354052955,116,63.46538236252547
0,White_vs_Dark Pink,2985.99252445087,107,27.906472191129627
1,White_vs_Dark Pink,3251.2204622415575,121,26.869590597037664
2,White_vs_Dark Pink,3014.9778292429028,112,26.91944490395449
3,White_vs_Dark Pink,3273.4594090537566,110,29.7587219004887
0,White_vs_Orange,7728.44225668174,110,70.258565969834
1,White_vs_Orange,7336.920768089901,89,82.43731200101013
2,White_vs_Orange,7818.581815354913,125,62.5486545228393
3,White_vs_Orange,7717.946936051857,112,68.910240500463
0,White_vs_Pale Green,4883.184333509216,105,46.50651746199254
1,White_vs_Pale Green,5059.387950993965,101,50.09295000984124
2,White_vs_Pale Green,4872.974297239623,109,44.70618621320755
3,White_vs_Pale Green,4797.192427690963,102,47.03129831069572
0,Yellow_vs_Pale Blue,10222.529204931283,117,87.37204448659216
1,Yellow_vs_Pale Blue,10412.01491752077,119,87.49592367664512
2,Yellow_vs_Pale Blue,10344.285080628504,120,86.2023756719042
3,Yellow_vs_Pale Blue,10586.529104490226,118,89.71634834313751
0,Yellow_vs_Green,13110.463449024614,128,102.4254956955048
1,Yellow_vs_Green,13370.065746613775,138,96.88453439575198
2,Yellow_vs_Green,12928.702736333802,121,106.84878294490746
3,Yellow_vs_Green,13285.378131076552,122,108.89654205800453
0,Yellow_vs_Dark Pink,3255.522048760987,109,29.867174759275112
1,Yellow_vs_Dark Pink,3245.2178277469193,110,29.50198025224472
2,Yellow_vs_Dark Pink,3265.454130674658,111,29.418505681753675
3,Yellow_vs_Dark Pink,3563.080174913474,119,29.941850209356925
0,Yellow_vs_Orange,16991.34822518066,139,122.2399152890695
1,Yellow_vs_Orange,17228.31940544921,132,130.5175712534031
2,Yellow_vs_Orange,17224.678682122572,125,137.79742945698058
3,Yellow_vs_Orange,17684.83730952797,142,124.54110781357726
0,Yellow_vs_Pale Green,5574.3493779058945,111,50.219363764917965
1,Yellow_vs_Pale Green,5828.742704799303,119,48.98103113276726
2,Yellow_vs_Pale Green,5818.845394855486,118,49.3122491089448
3,Yellow_vs_Pale Green,6023.130341836585,127,47.4262231640676
0,Pale Blue_vs_Green,5707.445851170026,96,59.45256094968777
1,Pale Blue_vs_Green,5746.95209500636,81,70.95002586427604
2,Pale Blue_vs_Green,5831.716730142959,79,73.81919911573365
3,Pale Blue_vs_Green,6054.800884896834,85,71.23295158702157
0,Pale Blue_vs_Dark Pink,2102.25764350593,121,17.374030111619255
1,Pale Blue_vs_Dark Pink,2006.0919328738648,108,18.574925304387637
2,Pale Blue_vs_Dark Pink,2090.1979704339565,113,18.497327171981915
3,Pale Blue_vs_Dark Pink,2063.180831657712,114,18.098077470681684
0,Pale Blue_vs_Orange,8007.998898597697,105,76.26665617712092
1,Pale Blue_vs_Orange,8054.780542384122,96,83.90396398316794
2,Pale Blue_vs_Orange,8216.444307412426,99,82.99438694355986
3,Pale Blue_vs_Orange,8377.958600761072,91,92.06547912924255
0,Pale Blue_vs_Pale Green,2729.104703481292,76,35.90927241422752
1,Pale Blue_vs_Pale Green,2843.812849092921,77,36.93263440380417
2,Pale Blue_vs_Pale Green,2887.404139980244,75,38.49872186640325
3,Pale Blue_vs_Pale Green,2808.0985535411314,66,42.54694778092623
0,Green_vs_Dark Pink,2136.3296514629374,97,22.024017025391107
1,Green_vs_Dark Pink,2013.8312617815805,91,22.13001386573165
2,Green_vs_Dark Pink,1916.337202505624,89,21.53187867983847
3,Green_vs_Dark Pink,2212.946403500574,117,18.91407182479123
0,Green_vs_Orange,8777.425410646696,87,100.8899472488126
1,Green_vs_Orange,9108.641292088992,108,84.33927122304623
2,Green_vs_Orange,8953.90164748443,89,100.6056364885891
3,Green_vs_Orange,9041.21174567145,96,94.17928901741094
0,Green_vs_Pale Green,2487.235425907392,70,35.53193465581988
1,Green_vs_Pale Green,2623.0701889466272,74,35.44689444522469
2,Green_vs_Pale Green,2550.6020817562885,68,37.50885414347483
3,Green_vs_Pale Green,2495.851308292755,72,34.66460150406604
0,Dark Pink_vs_Orange,2843.4240565142336,101,28.152713430833995
1,Dark Pink_vs_Orange,2799.397518299484,98,28.565280798974328
2,Dark Pink_vs_Orange,2794.7391046487965,98,28.517745965804046
3,Dark Pink_vs_Orange,2750.526272976837,94,29.260917797625925
0,Dark Pink_vs_Pale Green,1918.3915919083292,89,21.55496170683516
1,Dark Pink_vs_Pale Green,1924.0700987405355,93,20.688925792908982
2,Dark Pink_vs_Pale Green,1935.0996098557641,93,20.80752268662112
3,Dark Pink_vs_Pale Green,1900.855533845361,96,19.800578477555842
0,Orange_vs_Pale Green,4402.808721140911,91,48.38251341913089
1,Orange_vs_Pale Green,4220.3687408021015,81,52.10331778768027
2,Orange_vs_Pale Green,4436.934164736426,87,50.99924327283249
3,Orange_vs_Pale Green,4721.290666777013,107,44.12421183903751
0,Blue_vs_Pink,11445.607828260643,94,121.76178540702811
1,Blue_vs_Pink,12310.464469020691,109,112.94004100018984
2,Blue_vs_Pink,11729.554273639367,95,123.4689923540986
3,Blue_vs_Pink,11690.852348231947,97,120.52425101270049
0,Blue_vs_Turquoise,2523.404879719058,45,56.07566399375685
1,Blue_vs_Turquoise,2696.615064235708,54,49.93731600436496
2,Blue_vs_Turquoise,2797.2885636104093,53,52.77902950208319
3,Blue_vs_Turquoise,2880.8090125969425,55,52.378345683580775
0,Blue_vs_White,6514.602995913529,112,58.16609817779937
1,Blue_vs_White,6558.90354554559,104,63.06638024563067
2,Blue_vs_White,6447.265265546522,90,71.63628072829468
3,Blue_vs_White,7026.431959865814,97,72.43744288521458
0,Blue_vs_Yellow,15094.218494425184,124,121.7275685034289
1,Blue_vs_Yellow,15629.191182975115,125,125.03352946380092
2,Blue_vs_Yellow,15033.08748189319,123,122.22022343002594
3,Blue_vs_Yellow,15177.057686323253,123,123.39071289693702
0,Blue_vs_Pale Blue,5186.7568334208145,72,72.03828935306687
1,Blue_vs_Pale Blue,5436.274214251707,79,68.81359764875579
2,Blue_vs_Pale Blue,5451.653699547693,77,70.80069739672328
3,Blue_vs_Pale Blue,5297.751854441366,73,72.57194321152556
0,Blue_vs_Green,5240.37118327298,74,70.81582680098622
1,Blue_vs_Green,5243.721994224712,72,72.82947214200989
2,Blue_vs_Green,5456.669975744641,74,73.73878345600866
3,Blue_vs_Green,6057.4619127584165,83,72.98146882841466
0,Blue_vs_Dark Pink,1893.703239210235,88,21.5193549910254
1,Blue_vs_Dark Pink,2004.646201279507,98,20.45557348244395
2,Blue_vs_Dark Pink,2048.7632592028513,101,20.284784744582687
3,Blue_vs_Dark Pink,2076.060037541585,107,19.40243025739799
0,Blue_vs_Orange,10270.472076828797,95,108.11023238767154
1,Blue_vs_Orange,10350.209562885319,87,118.96792601017607
2,Blue_vs_Orange,10205.679609278932,80,127.57099511598665
3,Blue_vs_Orange,10447.975071297113,95,109.97868496102224
0,Blue_vs_Pale Green,2277.8460518955967,48,47.45512608115826
1,Blue_vs_Pale Green,2442.537790479332,56,43.6167462585595
2,Blue_vs_Pale Green,2513.5862632216467,64,39.27478536283823
3,Blue_vs_Pale Green,2779.6254768320146,61,45.567630767737946
0,Pink_vs_Turquoise,4588.847428564075,87,52.745372742115805
1,Pink_vs_Turquoise,4512.064885824206,85,53.08311630381419
2,Pink_vs_Turquoise,4586.436611203109,89,51.53299563149561
3,Pink_vs_Turquoise,4558.601980075153,87,52.3977239089098
0,Pink_vs_White,8407.638784431054,125,67.26111027544843
1,Pink_vs_White,8277.904238955574,102,81.15592391132915
2,Pink_vs_White,8598.245581026638,117,73.48927847031315
3,Pink_vs_White,8756.755983740233,112,78.18532128339494
0,Pink_vs_Yellow,24302.064757998825,140,173.58617684284874
1,Pink_vs_Yellow,24519.06202290268,122,200.97591822051376
2,Pink_vs_Yellow,24937.782686050006,139,179.40850853273386
3,Pink_vs_Yellow,24626.85317196914,133,185.16430956367773
0,Pink_vs_Pale Blue,7282.144928734612,88,82.75164691743878
1,Pink_vs_Pale Blue,7383.929442583832,102,72.39146512337089
2,Pink_vs_Pale Blue,7390.212613396764,85,86.94367780466781
3,Pink_vs_Pale Blue,7550.014297099678,101,74.75261680296711
0,Pink_vs_Green,10054.480508873356,112,89.77214740065496
1,Pink_vs_Green,10119.78922740382,116,87.23956230520535
2,Pink_vs_Green,10015.503141235175,110,91.0500285566834
3,Pink_vs_Green,10087.47217626684,109,92.54561629602605
0,Pink_vs_Dark Pink,2709.057090709601,98,27.64343970111838
1,Pink_vs_Dark Pink,2682.349313417612,98,27.370911361404204
2,Pink_vs_Dark Pink,2844.3199524668876,109,26.094678462998967
3,Pink_vs_Dark Pink,2793.738814847379,104,26.86287321968634
0,Pink_vs_Orange,13753.949853515956,119,115.57941053374753
1,Pink_vs_Orange,13586.163879570186,111,122.3978727889206
2,Pink_vs_Orange,13802.0711864606,112,123.23277845054108
3,Pink_vs_Orange,13943.32103574171,109,127.92037647469459
0,Pink_vs_Pale Green,4593.538415768881,98,46.87284097723348
1,Pink_vs_Pale Green,4468.024951094819,96,46.54192657390436
2,Pink_vs_Pale Green,4898.468946770699,108,45.35619395158055
3,Pink_vs_Pale Green,5039.232117958675,110,45.811201072351594
0,Turquoise_vs_White,4251.673881386045,71,59.88273072374711
1,Turquoise_vs_White,4279.220019379855,71,60.27070449830782
2,Turquoise_vs_White,4312.643430250283,75,57.50191240333711
3,Turquoise_vs_White,4337.7429181054495,73,59.421135864458215
0,Turquoise_vs_Yellow,5377.60707274467,102,52.721637968085005
1,Turquoise_vs_Yellow,5128.604774920104,103,49.79227936815635
2,Turquoise_vs_Yellow,5135.802901896216,103,49.862164096079766
3,Turquoise_vs_Yellow,5893.179054633131,116,50.80326771235458
0,Turquoise_vs_Pale Blue,3454.3447219543023,78,44.286470794285925
1,Turquoise_vs_Pale Blue,3626.9226667352195,74,49.01246846939486
2,Turquoise_vs_Pale Blue,3759.7104303837223,75,50.129472405116296
3,Turquoise_vs_Pale Blue,3778.632150300976,71,53.22017113099966
0,Turquoise_vs_Green,3496.03020972259,78,44.82090012464859
1,Turquoise_vs_Green,3638.9579260696087,80,45.48697407587011
2,Turquoise_vs_Green,3562.221763886485,80,44.52777204858106
3,Turquoise_vs_Green,3549.376651592565,82,43.2850811169825
0,Turquoise_vs_Dark Pink,2608.2815274748477,101,25.82456957895889
1,Turquoise_vs_Dark Pink,2723.106257455934,101,26.961448093623112
2,Turquoise_vs_Dark Pink,2724.675835370987,101,26.976988469019673
3,Turquoise_vs_Dark Pink,2717.7017026519857,101,26.90793765001966
0,Turquoise_vs_Orange,3976.1538195347143,71,56.00216647231992
1,Turquoise_vs_Orange,4103.951956986319,66,62.18109025736847
2,Turquoise_vs_Orange,4106.810842314271,66,62.22440670173138
3,Turquoise_vs_Orange,4069.2094658711444,68,59.841315674575654
0,Turquoise_vs_Pale Green,2796.4175390265527,51,54.83171645150103
1,Turquoise_vs_Pale Green,2649.133814317769,50,52.98267628635538
2,Turquoise_vs_Pale Green,2663.654080689271,48,55.492793347693144
3,Turquoise_vs_Pale Green,2768.648498680562,52,53.24324035924158
0,White_vs_Yellow,10949.010061208119,120,91.24175051006766
1,White_vs_Yellow,10845.038347829752,120,90.37531956524793
2,White_vs_Yellow,10851.691096966513,119,91.19068148711355
3,White_vs_Yellow,11073.742778535649,121,91.51853535979875
0,White_vs_Pale Blue,7609.965343032858,105,72.47586040983674
1,White_vs_Pale Blue,7463.319066672221,98,76.1563170068594
2,White_vs_Pale Blue,7991.283508435745,112,71.35074561103343
3,White_vs_Pale Blue,7817.439127220481,112,69.79856363589715
0,White_vs_Green,6916.85824597513,110,62.88052950886482
1,White_vs_Green,7369.654433058032,99,74.44095386927305
2,White_vs_Green,7042.316384297631,110,64.02105803906937
3,White_vs_Green,6984.73844997253,114,61.26963552607483
0,White_vs_Dark Pink,2822.446675385415,102,27.67104583711191
1,White_vs_Dark Pink,2718.263034718589,99,27.45720237089484
2,White_vs_Dark Pink,3091.8183910666135,105,29.44588943872965
3,White_vs_Dark Pink,3076.090362811127,111,27.712525791091235
0,White_vs_Orange,8434.02718217692,108,78.09284427941593
1,White_vs_Orange,8559.353217666203,95,90.09845492280213
2,White_vs_Orange,8941.202592149586,107,83.56264104812698
3,White_vs_Orange,9365.220675032695,121,77.39851797547682
0,White_vs_Pale Green,4928.201785809999,110,44.80183441645453
1,White_vs_Pale Green,4796.875143480696,110,43.60795584982451
2,White_vs_Pale Green,4717.4456303032875,91,51.8400618714647
3,White_vs_Pale Green,4705.987403669806,103,45.68919809388161
0,Yellow_vs_Pale Blue,10567.06118661087,124,85.21823537589411
1,Yellow_vs_Pale Blue,10780.897754368367,123,87.64957523876721
2,Yellow_vs_Pale Blue,10859.395632096257,123,88.28776936663624
3,Yellow_vs_Pale Blue,10733.00444139798,126,85.18257493173
0,Yellow_vs_Green,13049.004304372142,120,108.74170253643452
1,Yellow_vs_Green,13378.648162828755,130,102.9126781756058
2,Yellow_vs_Green,13357.518977235768,131,101.96579371935701
3,Yellow_vs_Green,13200.122439210474,125,105.6009795136838
0,Yellow_vs_Dark Pink,3595.6333324123607,111,32.39309308479604
1,Yellow_vs_Dark Pink,3574.898344947159,112,31.91873522274249
2,Yellow_vs_Dark Pink,3562.4265352860657,114,31.249355572684788
3,Yellow_vs_Dark Pink,3784.348355708928,121,31.27560624552833
0,Yellow_vs_Orange,17423.6901718336,135,129.06437164321187
1,Yellow_vs_Orange,17811.853378095224,137,130.0135283072644
2,Yellow_vs_Orange,17657.93474303845,124,142.40269954063268
3,Yellow_vs_Orange,18112.781400278443,128,141.50610468967534
0,Yellow_vs_Pale Green,5477.256033582975,97,56.466557047247164
1,Yellow_vs_Pale Green,5709.516569689966,109,52.3808859604584
2,Yellow_vs_Pale Green,5610.5662935899545,105,53.43396470085671
3,Yellow_vs_Pale Green,5457.16216242944,104,52.47271310028308
0,Pale Blue_vs_Green,5367.333842175793,70,76.67619774536847
1,Pale Blue_vs_Green,5771.981713514319,79,73.06305966473822
2,Pale Blue_vs_Green,5655.880386817764,79,71.59342261794637
3,Pale Blue_vs_Green,5822.895243041433,81,71.88759559310411
0,Pale Blue_vs_Dark Pink,2317.5952584646448,109,21.26234182077656
1,Pale Blue_vs_Dark Pink,2419.1587666259397,118,20.501345479880847
2,Pale Blue_vs_Dark Pink,2570.0571623605742,120,21.417143019671453
3,Pale Blue_vs_Dark Pink,2363.339271495862,110,21.4849024681442
0,Pale Blue_vs_Orange,7888.958672745789,97,81.32947085304937
1,Pale Blue_vs_Orange,7873.124736953681,100,78.73124736953682
2,Pale Blue_vs_Orange,8011.080730362249,88,91.035008299571
3,Pale Blue_vs_Orange,8556.694864873807,113,75.7229634059629
0,Pale Blue_vs_Pale Green,2543.7358508807574,64,39.745872670011835
1,Pale Blue_vs_Pale Green,2652.683258005108,72,36.84282302784872
2,Pale Blue_vs_Pale Green,2893.0801302453992,75,38.574401736605324
3,Pale Blue_vs_Pale Green,2643.7948456293934,59,44.81008212931175
0,Green_vs_Dark Pink,2131.013405334173,101,21.09914262707102
1,Green_vs_Dark Pink,2044.4584765432865,91,22.46657666531084
2,Green_vs_Dark Pink,2188.025637188344,109,20.07362969897563
3,Green_vs_Dark Pink,2042.7354201207363,91,22.447641979348752
0,Green_vs_Orange,9215.883307817261,114,80.84108164751983
1,Green_vs_Orange,8761.364790605636,98,89.4016815367922
2,Green_vs_Orange,8995.485163525007,90,99.94983515027785
3,Green_vs_Orange,9112.835852715598,92,99.05256361647389
0,Green_vs_Pale Green,2570.621249382324,68,37.80325366738712
1,Green_vs_Pale Green,2627.118728355051,74,35.50160443723042
2,Green_vs_Pale Green,2572.0331503477546,66,38.97019924769325
3,Green_vs_Pale Green,2646.2047882720103,72,36.752844281555696
0,Dark Pink_vs_Orange,2859.88596210062,101,28.315702595055644
1,Dark Pink_vs_Orange,2833.8130440270916,101,28.05755489135734
2,Dark Pink_vs_Orange,2858.601139705156,101,28.30298158123917
3,Dark Pink_vs_Orange,2888.666734857959,101,28.60066074116791
0,Dark Pink_vs_Pale Green,1934.7037183755513,93,20.803265788984422
1,Dark Pink_vs_Pale Green,1986.3638917345156,94,21.131530763133146
2,Dark Pink_vs_Pale Green,1902.8630228242969,93,20.460892718540826
3,Dark Pink_vs_Pale Green,1961.1870535134112,92,21.317250581667512
0,Orange_vs_Pale Green,4173.172834443307,87,47.96750384417594
1,Orange_vs_Pale Green,4053.564342087863,82,49.433711488876384
2,Orange_vs_Pale Green,4373.740120297683,95,46.03936968734403
3,Orange_vs_Pale Green,4562.558074443722,97,47.036681179832186
